Graph,#Nodes,#Edges,#Nodes_T,#Edges_T,K,Seed,Transform_ms,Ref_ms,Ref_Fib_ms,Bundle_PQ_ms,Bundle_Set_ms,Bundle_Fib_ms,Bundle_construct_ms,Total_Bundle_Set_ms,Total_Bundle_Fib_ms,Total_Bundle_PQ_ms,R_size,sum_ball_sizes,pq_extract,pq_dk,pq_edge_relax,pq_ball_access,set_extract,set_dk,set_edge_relax,set_ball_access,fib_extract,fib_dk,fib_edge_relax,fib_ball_access
er_1000_2000.txt,1000.0,2000.0,4000.0,5911.0,2.0,3.5,0.0,0.0,0.0,0.0,0.0,0.0,0.0,0.0,0.0,0.0,1992.0,1015.0,4589.0,5216.2,23740.5,9896.5,1992.0,5216.2,23740.5,9896.5,1992.0,5216.2,23740.5,9896.5
er_1000_5000.txt,1000.0,5000.0,10000.0,15000.0,2.0,3.0,1.0,0.0,0.0,1.0,2.0,1.0,1.0,4.0,3.0,3.0,5015.4,2492.2,12711.4,15311.4,59707.8,24590.0,5015.4,15311.4,59707.8,24590.0,5015.4,15311.4,59707.8,24590.0
er_1000_10000.txt,1000.0,10000.0,20000.0,30000.0,2.0,3.0,2.0,0.0,0.0,3.0,4.0,3.0,2.0,8.0,7.0,7.0,10004.0,5006.8,26384.6,32768.2,119874.6,49811.0,10004.0,32768.2,119874.6,49811.0,10004.0,32768.2,119874.6,49811.0
er_10000_20000.txt,10000.0,20000.0,40000.0,59255.0,3.0,3.0,5.2,1.0,3.0,8.0,9.0,9.4,8.8,23.0,23.4,22.0,13307.6,17785.0,31249.0,54047.4,357980.8,265729.6,13307.6,54047.4,357980.8,265729.6,13307.6,54047.4,357980.8,265729.6
er_10000_50000.txt,10000.0,50000.0,100000.0,149997.0,3.0,3.0,14.6,2.0,3.0,23.6,28.4,27.4,23.4,66.4,65.4,61.6,33393.8,44398.8,87035.8,160706.0,899912.0,666832.2,33393.8,160706.0,899912.0,666832.2,33393.8,160706.0,899912.0,666832.2
er_10000_100000.txt,10000.0,100000.0,200000.0,300000.0,3.0,3.0,34.4,2.0,3.2,64.4,67.4,60.0,51.2,153.0,145.6,150.0,66670.8,88932.6,183519.2,350250.2,1803619.2,1339386.0,66670.8,350250.2,1803619.2,1339386.0,66670.8,350250.2,1803619.2,1339386.0
er_100000_200000.txt,100000.0,200000.0,400000.0,592712.0,3.0,3.0,78.0,19.0,47.6,134.4,173.8,173.6,116.8,368.6,368.4,329.2,133443.4,177602.2,313647.4,540501.0,3567161.6,2637259.4,133444.0,540499.8,3567161.6,2637259.4,133444.0,540501.0,3567161.6,2637259.4
er_100000_500000.txt,100000.0,500000.0,1000000.0,1499959.0,3.0,3.0,228.8,28.8,51.8,407.6,549.0,503.6,305.8,1083.6,1038.2,942.2,333405.4,444294.0,869851.0,1608846.2,9001631.6,6669880.2,333405.4,1608846.2,9001631.6,6669880.2,333405.4,1608846.2,9001631.6,6669880.2
er_100000_1000000.txt,100000.0,1000000.0,2000000.0,3000000.0,3.0,3.0,510.6,40.4,61.6,905.4,1215.6,1086.6,620.0,2346.2,2217.2,2036.0,666802.2,888420.8,1835581.2,3504850.0,17987068.8,13312459.0,666802.2,3504850.0,17987068.8,13312459.0,666802.2,3504849.6,17987068.8,13312459.0
er_1000000_2000000.txt,1000000.0,2000000.0,4000000.0,5926724.0,3.0,3.0,1194.6,311.8,953.4,1827.4,2890.0,2644.4,1440.4,5525.0,5279.4,4462.4,1333565.8,1777425.2,3133123.8,5401447.0,35731300.4,26468169.4,1333577.0,5401416.8,35731375.0,26468267.2,1333576.6,5401443.6,35731293.8,26468166.2
er_2000000_4000000.txt,2000000.0,4000000.0,8000000.0,11853410.0,3.0,3.0,2525.8,721.4,2263.8,3897.4,6505.0,5977.4,2952.4,11983.2,11455.6,9375.6,2666951.4,3554467.6,6266456.0,10804796.8,71425127.4,52873058.6,2666971.0,10804743.4,71425127.4,52873058.6,2666970.2,10804787.0,71425096.8,52873029.8
er_2000000_10000000.txt,2000000.0,10000000.0,20000000.0,29999044.0,3.0,3.0,6345.4,1069.8,2645.6,11065.0,18292.2,16450.2,6907.8,31545.4,29703.4,24318.2,6667462.8,8887351.4,17389070.0,32162738.2,179980266.2,133307200.2,6667462.8,32162738.2,179980266.2,133307200.2,6667462.8,32162735.8,179980266.2,133307200.2
er_2000000_20000000.txt,2000000.0,20000000.0,40000000.0,60000000.0,3.0,3.0,13412.8,1378.8,3071.6,23559.0,40306.4,33581.4,13812.2,67531.4,60806.4,50784.0,13333796.8,17777548.4,36701108.0,70098128.8,359999088.0,266667464.0,13333796.8,70098128.8,359999088.0,266667464.0,13333796.8,70098122.8,359999088.0,266667464.0
er_2000000_40000000.txt,2000000.0,40000000.0,80000000.0,120000000.0,3.0,3.0,29587.0,1755.8,3723.2,49758.8,93804.2,67347.2,28028.0,151419.2,124962.2,107373.8,26669111.4,35550539.2,75687479.8,147043810.8,719856472.2,533106344.0,26669111.4,147043810.8,719856472.2,533106344.0,26669111.4,147043811.8,719856472.2,533106344.0
er_5000000_10000000.txt,5000000.0,10000000.0,20000000.0,29633743.0,3.0,3.0,7124.4,2297.4,6466.2,10637.2,17984.8,17883.0,8026.6,33135.8,33034.0,25788.2,6667462.8,8887721.0,15667197.8,27014198.4,178614003.2,132269005.4,6667514.6,27014045.8,178614075.8,132269096.6,6667512.8,27014177.2,178613972.6,132268982.2
er_5000000_25000000.txt,5000000.0,25000000.0,50000000.0,74997724.0,3.0,3.0,17266.8,3341.8,7594.6,30210.0,52772.4,46195.6,17832.4,87871.6,81294.8,65309.2,16668780.4,22219049.6,43476501.4,80408279.0,449886966.0,333162060.4,16668780.6,80408278.4,449886966.0,333162060.4,16668780.4,80408280.4,449886962.4,333162056.0
er_5000000_50000000.txt,5000000.0,50000000.0,100000000.0,150000000.0,3.0,3.0,35434.4,4285.0,8935.6,63846.2,120283.8,92469.8,35596.6,191314.8,163500.8,134877.2,33335595.4,44440469.8,91754056.6,175236312.6,899860824.6,666446018.0,33335595.4,175236312.6,899860824.6,666446018.0,33335595.4,175236299.2,899860824.6,666446018.0
er_5000000_100000000.txt,5000000.0,100000000.0,200000000.0,300000000.0,3.0,3.0,77615.4,5284.8,11122.2,132537.4,239372.4,179816.6,71734.8,388722.6,329166.8,281887.6,66666730.0,88888353.0,189197808.2,367584499.6,1800024074.4,1333373774.0,66666730.0,367584499.6,1800024074.4,1333373774.0,66666730.0,367584494.0,1800024074.4,1333373774.0
er_10000000_20000000.txt,10000000.0,20000000.0,40000000.0,59265986.0,3.0,3.0,15906.6,5552.0,16843.2,24855.8,472729.2,43239.6,17891.2,506527.0,77037.4,58653.6,13333796.8,17777906.4,31329723.4,54026950.0,357256196.6,264581082.4,13333897.2,54026675.8,357256196.6,264581082.4,13333894.8,54026919.8,357256068.2,264580968.8
er_10000000_50000000.txt,10000000.0,50000000.0,100000000.0,149995480.0,3.0,3.0,37734.2,8058.6,19465.8,68229.6,1191352.4,106006.4,38903.4,1267990.0,182644.0,144867.2,33335595.4,44439152.2,86951271.4,160831388.4,899820948.0,666392407.6,33335596.6,160831385.2,899820948.0,666392407.6,33335596.4,160831384.2,899820879.0,666392334.4
er_10000000_100000000.txt,10000000.0,100000000.0,200000000.0,300000000.0,3.0,3.0,71668.4,9324.2,20609.0,133488.4,2447397.8,190226.0,71644.2,2590710.4,333538.6,276801.0,66666730.0,88887910.4,183500855.0,350489866.8,1799933340.0,1333222550.0,66666730.0,350489866.8,1799933340.0,1333222550.0,66666730.0,350489846.4,1799933340.0,1333222550.0
er_100000000_200000000.txt,100000000.0,200000000.0,400000000.0,592670556.0,3.0,3.0,158284.2,64355.6,241429.2,272160.4,5084082.4,523240.2,180196.4,5422563.0,861720.8,610641.0,133335895.4,177779290.6,313304703.6,540290092.6,3573248357.4,2646938594.4,133336680.0,540287984.6,3573248656.4,2646938966.6,133336651.6,540289763.6,3573247180.8,2646937481.0
er_100000000_500000000.txt,100000000.0,500000000.0,1000000000.0,1499954257.0,3.0,3.0,389799.6,92738.4,276925.4,2169977.8,13056985.8,2941745.6,434420.8,13881206.2,3765966.0,2994198.2,333341639.0,444433657.2,869455445.6,1608275467.8,8999631511.8,6666228130.0,333341641.6,1608275455.4,8999631511.8,6666228130.0,333341640.8,1608275467.4,8999631447.6,6666228066.8
